{
  "FilterHeaders": [
    {
      "Header": "user-agent",
      "IncludeInScript": false
    },
    {
      "Header": "upgrade-insecure-requests",
      "IncludeInScript": true
    },
    {
      "Header": "priority",
      "IncludeInScript": true
    },
    {
      "Header": "origin",
      "IncludeInScript": true
    },
    {
      "Header": "if-none-match",
      "IncludeInScript": false
    },
    {
      "Header": "if-modified-since",
      "IncludeInScript": false
    },
    {
      "Header": "accept-language",
      "IncludeInScript": false
    },
    {
      "Header": "accept-encoding",
      "IncludeInScript": false
    },
    {
      "Header": "accept",
      "IncludeInScript": false
    }
  ],
  "FilterResources": [
    {
      "IsNonResource": true,
      "type": "text/html"
    }
  ],
  "GeneralInfo": {
    "BrowserVersion": "",
    "MaxUsedConnections": 10,
    "RecordedBrowser": "Firefox",
    "RecordingDate": "дек-13-2024",
    "RecordingDuration": 25015,
    "RecordingTimeStamp": 1734133533,
    "TotalBytesReceived": 19142,
    "TotalBytesSent": 6901,
    "TotalRequests": 10
  },
  "HostInfo": [
    {
      "DomainName": "localhost",
      "Domains": [
        {
          "HTTPVersion": "HTTP/1.1",
          "IP": "[::1]",
          "IncludeInScript": true,
          "Name": "localhost",
          "Port": 1080,
          "Requests": [
            {
              "CompressionType": "",
              "DataType": "text/html",
              "DownloadTime": 15,
              "EventId": 316,
              "HttpStatus": 200,
              "Size": 3072,
              "URL": "http://localhost:1080/cgi-bin/reservations.pl"
            },
            {
              "CompressionType": "",
              "DataType": "text/html",
              "DownloadTime": 0,
              "EventId": 310,
              "HttpStatus": 200,
              "Size": 3072,
              "URL": "http://localhost:1080/cgi-bin/reservations.pl"
            },
            {
              "CompressionType": "",
              "DataType": "text/html",
              "DownloadTime": 0,
              "EventId": 305,
              "HttpStatus": 200,
              "Size": 2048,
              "URL": "http://localhost:1080/cgi-bin/nav.pl?page=menu&in=flights"
            },
            {
              "CompressionType": "",
              "DataType": "text/html",
              "DownloadTime": 15,
              "EventId": 297,
              "HttpStatus": 200,
              "Size": 5120,
              "URL": "http://localhost:1080/cgi-bin/reservations.pl?page=welcome"
            },
            {
              "CompressionType": "",
              "DataType": "text/html",
              "DownloadTime": 0,
              "EventId": 293,
              "HttpStatus": 200,
              "Size": 1024,
              "URL": "http://localhost:1080/cgi-bin/welcome.pl?page=search"
            },
            {
              "CompressionType": "",
              "DataType": "text/html",
              "DownloadTime": 0,
              "EventId": 288,
              "HttpStatus": 200,
              "Size": 2048,
              "URL": "http://localhost:1080/cgi-bin/nav.pl?page=menu&in=home"
            },
            {
              "CompressionType": "",
              "DataType": "text/html",
              "DownloadTime": 0,
              "EventId": 284,
              "HttpStatus": 200,
              "Size": 1024,
              "URL": "http://localhost:1080/cgi-bin/login.pl?intro=true"
            },
            {
              "CompressionType": "",
              "DataType": "text/html",
              "DownloadTime": 0,
              "EventId": 280,
              "HttpStatus": 200,
              "Size": 1024,
              "URL": "http://localhost:1080/cgi-bin/login.pl"
            },
            {
              "CompressionType": "",
              "DataType": "text/html",
              "DownloadTime": 16,
              "EventId": 276,
              "HttpStatus": 200,
              "Size": 710,
              "URL": "http://localhost:1080/WebTours/header.html"
            },
            {
              "CompressionType": "",
              "DataType": "",
              "DownloadTime": 16,
              "EventId": 265,
              "HttpStatus": 304,
              "Size": 0,
              "URL": "http://localhost:1080/WebTours/"
            }
          ],
          "SSLCipher": "None",
          "SSLVersion": "None"
        }
      ],
      "IncludeInScript": true
    },
    {
      "DomainName": "firefox.com",
      "Domains": [
        {
          "HTTPVersion": "HTTP/1.1",
          "IP": "34.107.221.82",
          "IncludeInScript": false,
          "Name": "detectportal.firefox.com",
          "Port": 80,
          "Requests": [
            {
              "CompressionType": "",
              "DataType": "text/plain",
              "DownloadTime": 16,
              "EventId": 273,
              "HttpStatus": 200,
              "Size": 8,
              "URL": "http://detectportal.firefox.com/success.txt?ipv6"
            },
            {
              "CompressionType": "",
              "DataType": "text/plain",
              "DownloadTime": 0,
              "EventId": 268,
              "HttpStatus": 200,
              "Size": 8,
              "URL": "http://detectportal.firefox.com/success.txt?ipv4"
            },
            {
              "CompressionType": "",
              "DataType": "text/html",
              "DownloadTime": 0,
              "EventId": 260,
              "HttpStatus": 200,
              "Size": 90,
              "URL": "http://detectportal.firefox.com/canonical.html"
            },
            {
              "CompressionType": "",
              "DataType": "text/plain",
              "DownloadTime": 15,
              "EventId": 258,
              "HttpStatus": 200,
              "Size": 8,
              "URL": "http://detectportal.firefox.com/success.txt?ipv6"
            }
          ],
          "SSLCipher": "None",
          "SSLVersion": "None"
        }
      ],
      "IncludeInScript": true
    }
  ],
  "WebSocket": {
    "IncludeInScript": false,
    "IsScriptIncludeWebSocket": false
  },
  "NumberOfCorrelations": 43
}